L;seq_hex;seq_dec;packetNumber;lat;lon;gps_height;hAcc;IMU_PITCH;IMU_ROLL;IMU_YAW;rateX;rateY;rateZ;ALTITUDE;presAltOffsetAtGround;ms5611_altitude;lidar_range;flags;state;IMU_ACCX;IMU_ACCY;IMU_ACCZ;IMU_MAGX;IMU_MAGY;IMU_MAGZ
99;0x9F;159;771;0.0000000000;0.0000000000;0.000000;100.000000;5.010736;-5.887807;3.135109;-0.025992;0.028123;-0.001704;214.148361;214.199387;214.442749;0.000000;50331653;97;0.904050;1.026155;-9.674489;0.000000;0.000000;0.000000
99;0xA0;160;771;0.0000000000;0.0000000000;0.000000;100.000000;5.013461;-5.884044;3.134897;-0.025992;0.028336;-0.002131;214.149933;214.199387;214.437439;0.000000;50331653;97;0.902614;1.029507;-9.677362;0.000000;0.000000;0.000000
99;0xA1;161;771;0.0000000000;0.0000000000;0.000000;100.000000;5.012280;-5.883634;3.135129;-0.025992;0.028336;-0.001065;214.151520;214.199387;214.448029;0.000000;50331653;97;0.896389;1.032858;-9.679756;0.000000;0.000000;0.000000
99;0xA2;162;771;0.0000000000;0.0000000000;0.000000;100.000000;5.008100;-5.886988;3.133497;-0.027058;0.029188;-0.002131;214.153259;214.199387;214.434799;0.000000;50331653;97;0.908839;1.027112;-9.676405;0.000000;0.000000;0.000000
99;0xA3;163;771;0.0000000000;0.0000000000;0.000000;100.000000;5.006296;-5.887322;3.132418;-0.025992;0.028123;-0.002557;214.154236;214.199387;214.442749;0.000000;50331653;97;0.898304;1.028549;-9.685982;0.000000;0.000000;0.000000
99;0xA4;164;771;0.0000000000;0.0000000000;0.000000;100.000000;5.006535;-5.890300;3.131106;-0.025992;0.028762;-0.001278;214.155579;214.199387;214.442749;0.000000;50331653;97;0.907402;1.030943;-9.676405;0.000000;0.000000;0.000000
99;0xA5;165;771;0.0000000000;0.0000000000;0.000000;100.000000;5.005005;-5.889747;3.130444;-0.025992;0.028336;-0.002131;214.156708;214.199387;214.434799;0.000000;50331653;97;0.903572;1.032380;-9.684066;0.000000;0.000000;0.000000
99;0xA6;166;771;0.0000000000;0.0000000000;0.000000;100.000000;5.007977;-5.891953;3.130095;-0.025992;0.029188;-0.002131;214.156769;214.199387;214.421600;0.000000;50331653;97;0.900699;1.025676;-9.676405;0.000000;0.000000;0.000000
99;0xA7;167;771;0.0000000000;0.0000000000;0.000000;100.000000;5.006556;-5.891489;3.128873;-0.025566;0.028975;-0.002344;214.156754;214.199387;214.429520;0.000000;50331653;97;0.905966;1.035253;-9.686460;0.000000;0.000000;0.000000
99;0xA8;168;771;0.0000000000;0.0000000000;0.000000;100.000000;5.006064;-5.887158;3.128709;-0.025779;0.027910;-0.002131;214.156540;214.199387;214.403091;0.000000;50331653;97;0.903093;1.030464;-9.686460;0.000000;0.000000;0.000000
99;0xA9;169;771;0.0000000000;0.0000000000;0.000000;100.000000;5.004896;-5.887582;3.127985;-0.025992;0.027697;-0.001491;214.156570;214.199387;214.411041;0.000000;50331653;97;0.903572;1.029507;-9.681193;0.000000;0.000000;0.000000
99;0xAA;170;771;0.0000000000;0.0000000000;0.000000;100.000000;5.007771;-5.894515;3.126482;-0.025992;0.028336;-0.002131;214.156418;214.199387;214.411041;0.000000;50331653;97;0.903572;1.037168;-9.681193;0.000000;0.000000;0.000000
99;0xAB;171;771;0.0000000000;0.0000000000;0.000000;100.000000;5.007143;-5.894603;3.126113;-0.025992;0.027910;-0.002131;214.156235;214.199387;214.416321;0.000000;50331653;97;0.904529;1.033337;-9.674010;0.000000;0.000000;0.000000
99;0xAC;172;771;0.0000000000;0.0000000000;0.000000;100.000000;5.012915;-5.895109;3.126284;-0.025992;0.028336;-0.002131;214.155411;214.199387;214.397812;0.000000;50331653;97;0.905487;1.035731;-9.681193;0.000000;0.000000;0.000000
99;0xAD;173;771;0.0000000000;0.0000000000;0.000000;100.000000;5.012102;-5.893866;3.126359;-0.025992;0.028336;-0.001917;214.154984;214.199387;214.432159;0.000000;50331653;97;0.899741;1.028549;-9.677362;0.000000;0.000000;0.000000
99;0xAE;174;771;0.0000000000;0.0000000000;0.000000;100.000000;5.015319;-5.887049;3.127083;-0.024927;0.027910;-0.002131;214.154510;214.199387;214.395172;0.000000;50331653;97;0.906445;1.028549;-9.684545;0.000000;0.000000;0.000000
99;0xAF;175;771;0.0000000000;0.0000000000;0.000000;100.000000;5.014499;-5.886748;3.126592;-0.026419;0.028336;-0.002131;214.153885;214.199387;214.411041;0.000000;50331653;97;0.906923;1.026634;-9.685503;0.000000;0.000000;0.000000
99;0xB0;176;771;0.0000000000;0.0000000000;0.000000;100.000000;5.015251;-5.888456;3.125895;-0.025992;0.028762;-0.001278;214.153107;214.199387;214.416321;0.000000;50331653;97;0.916500;1.033816;-9.682151;0.000000;0.000000;0.000000
99;0xB1;177;771;0.0000000000;0.0000000000;0.000000;100.000000;5.014055;-5.889146;3.125191;-0.026845;0.028762;-0.002131;214.153732;214.199387;214.448029;0.000000;50331653;97;0.906445;1.030943;-9.674010;0.000000;0.000000;0.000000
99;0xB2;178;771;0.0000000000;0.0000000000;0.000000;100.000000;5.014335;-5.890997;3.124864;-0.025992;0.027271;-0.001704;214.154465;214.199387;214.426880;0.000000;50331653;97;0.909318;1.030464;-9.684545;0.000000;0.000000;0.000000
99;0xB3;179;771;0.0000000000;0.0000000000;0.000000;100.000000;5.011754;-5.891427;3.124447;-0.025992;0.027271;-0.002131;214.154053;214.199387;214.411041;0.000000;50331653;97;0.904529;1.026155;-9.673053;0.000000;0.000000;0.000000
99;0xB4;180;771;0.0000000000;0.0000000000;0.000000;100.000000;5.011658;-5.885792;3.123832;-0.025140;0.028336;-0.002131;214.154099;214.199387;214.418961;0.000000;50331653;97;0.900699;1.030464;-9.679756;0.000000;0.000000;0.000000
99;0xB5;181;771;0.0000000000;0.0000000000;0.000000;100.000000;5.010681;-5.885512;3.122808;-0.026419;0.027484;-0.002557;214.153214;214.199387;214.411041;0.000000;50331653;97;0.907881;1.025676;-9.682630;0.000000;0.000000;0.000000
99;0xB6;182;771;0.0000000000;0.0000000000;0.000000;100.000000;5.014123;-5.887684;3.122152;-0.026205;0.028123;-0.000639;214.153046;214.199387;214.424240;0.000000;50331653;97;0.900699;1.029028;-9.670179;0.000000;0.000000;0.000000
99;0xB7;183;771;0.0000000000;0.0000000000;0.000000;100.000000;5.013085;-5.887657;3.122077;-0.025992;0.028336;-0.001491;214.153397;214.199387;214.426880;0.000000;50331653;97;0.905008;1.031901;-9.675926;0.000000;0.000000;0.000000
99;0xB8;184;771;0.0000000000;0.0000000000;0.000000;100.000000;5.013659;-5.880977;3.121906;-0.025566;0.028762;-0.001278;214.153580;214.199387;214.421600;0.000000;50331653;97;0.909318;1.022324;-9.673053;0.000000;0.000000;0.000000
99;0xB9;185;771;0.0000000000;0.0000000000;0.000000;100.000000;5.013290;-5.880554;3.120779;-0.026419;0.028762;-0.002131;214.152405;214.199387;214.400452;0.000000;50331653;97;0.909318;1.026634;-9.677841;0.000000;0.000000;0.000000
99;0xBA;186;771;0.0000000000;0.0000000000;0.000000;100.000000;5.016152;-5.882268;3.120745;-0.025992;0.028975;-0.002131;214.151306;214.199387;214.408386;0.000000;50331653;97;0.898304;1.030464;-9.681672;0.000000;0.000000;0.000000
99;0xBB;187;771;0.0000000000;0.0000000000;0.000000;100.000000;5.015046;-5.880731;3.120274;-0.025566;0.028336;-0.002131;214.150879;214.199387;214.429520;0.000000;50331653;97;0.909797;1.029985;-9.684066;0.000000;0.000000;0.000000
99;0xBC;188;771;0.0000000000;0.0000000000;0.000000;100.000000;5.015640;-5.884228;3.119543;-0.025566;0.028336;-0.002131;214.150787;214.199387;214.416321;0.000000;50331653;97;0.907881;1.029985;-9.682151;0.000000;0.000000;0.000000
99;0xBD;189;771;0.0000000000;0.0000000000;0.000000;100.000000;5.014827;-5.883928;3.118600;-0.024927;0.027271;-0.002131;214.149841;214.199387;214.395172;0.000000;50331653;97;0.908360;1.032858;-9.677841;0.000000;0.000000;0.000000
99;0xBE;190;771;0.0000000000;0.0000000000;0.000000;100.000000;5.017341;-5.887964;3.117412;-0.025992;0.028336;-0.002131;214.149338;214.199387;214.445389;0.000000;50331653;97;0.901656;1.026155;-9.683108;0.000000;0.000000;0.000000
99;0xBF;191;771;0.0000000000;0.0000000000;0.000000;100.000000;5.017033;-5.886953;3.117043;-0.025992;0.029401;-0.002131;214.150391;214.199387;214.455948;0.000000;50331653;97;0.905487;1.031422;-9.676884;0.000000;0.000000;0.000000
99;0xC0;192;771;0.0000000000;0.0000000000;0.000000;100.000000;5.016808;-5.883491;3.117009;-0.025353;0.028549;-0.002131;214.151474;214.199387;214.434799;0.000000;50331653;97;0.904050;1.022803;-9.674010;0.000000;0.000000;0.000000
99;0xC1;193;771;0.0000000000;0.0000000000;0.000000;100.000000;5.015633;-5.882917;3.115820;-0.025566;0.028336;-0.001704;214.151718;214.199387;214.432159;0.000000;50331653;97;0.899741;1.029507;-9.678799;0.000000;0.000000;0.000000
99;0xC2;194;771;0.0000000000;0.0000000000;0.000000;100.000000;5.020052;-5.885881;3.115008;-0.026419;0.028762;-0.002131;214.151733;214.199387;214.426880;0.000000;50331653;97;0.906923;1.025676;-9.674968;0.000000;0.000000;0.000000
99;0xC3;195;771;0.0000000000;0.0000000000;0.000000;100.000000;5.019280;-5.885485;3.114755;-0.025566;0.028336;-0.001278;214.151764;214.199387;214.432159;0.000000;50331653;97;0.901177;1.023760;-9.682151;0.000000;0.000000;0.000000
99;0xC4;196;771;0.0000000000;0.0000000000;0.000000;100.000000;5.023037;-5.883982;3.113225;-0.025140;0.028975;-0.002983;214.151047;214.199387;214.434799;0.000000;50331653;97;0.898783;1.028070;-9.682151;0.000000;0.000000;0.000000
99;0xC5;197;771;0.0000000000;0.0000000000;0.000000;100.000000;5.023870;-5.884665;3.112556;-0.026419;0.028336;-0.002557;214.151855;214.199387;214.450668;0.000000;50331653;97;0.904529;1.025676;-9.683587;0.000000;0.000000;0.000000
99;0xC6;198;771;0.0000000000;0.0000000000;0.000000;100.000000;5.022702;-5.883347;3.112514;-0.026632;0.028336;-0.002131;214.151703;214.199387;214.421600;0.000000;50331653;97;0.908839;1.029028;-9.676405;0.000000;0.000000;0.000000
99;0xC7;199;771;0.0000000000;0.0000000000;0.000000;100.000000;5.022463;-5.883675;3.111729;-0.027058;0.029401;-0.002557;214.151947;214.199387;214.450668;0.000000;50331653;97;0.909318;1.029507;-9.683108;0.000000;0.000000;0.000000
99;0xC8;200;771;0.0000000000;0.0000000000;0.000000;100.000000;5.018023;-5.884624;3.110015;-0.025992;0.028336;-0.002131;214.152557;214.199387;214.437439;0.000000;50331653;97;0.902614;1.027591;-9.684066;0.000000;0.000000;0.000000
99;0xC9;201;771;0.0000000000;0.0000000000;0.000000;100.000000;5.017900;-5.884966;3.109830;-0.025779;0.029401;-0.001065;214.152740;214.199387;214.432159;0.000000;50331653;97;0.905008;1.036210;-9.676405;0.000000;0.000000;0.000000
99;0xCA;202;771;0.0000000000;0.0000000000;0.000000;100.000000;5.017464;-5.889884;3.108717;-0.026419;0.028336;-0.001917;214.152557;214.199387;214.437439;0.000000;50331653;97;0.899262;1.024239;-9.681193;0.000000;0.000000;0.000000
99;0xCB;203;771;0.0000000000;0.0000000000;0.000000;100.000000;5.017491;-5.890232;3.108109;-0.025992;0.029401;-0.001065;214.152054;214.199387;214.411041;0.000000;50331653;97;0.906923;1.029507;-9.677362;0.000000;0.000000;0.000000
99;0xCC;204;771;0.0000000000;0.0000000000;0.000000;100.000000;5.018160;-5.888948;3.107365;-0.025992;0.029188;-0.002131;214.150787;214.199387;214.424240;0.000000;50331653;97;0.899741;1.020409;-9.677362;0.000000;0.000000;0.000000
99;0xCD;205;771;0.0000000000;0.0000000000;0.000000;100.000000;5.018393;-5.889207;3.106504;-0.025992;0.028975;-0.002344;214.150284;214.199387;214.411041;0.000000;50331653;97;0.906923;1.029028;-9.677841;0.000000;0.000000;0.000000
99;0xCE;206;771;0.0000000000;0.0000000000;0.000000;100.000000;5.013762;-5.883538;3.104892;-0.026205;0.028336;-0.002983;214.149002;214.199387;214.411041;0.000000;50331653;97;0.907402;1.029507;-9.685024;0.000000;0.000000;0.000000
99;0xCF;207;771;0.0000000000;0.0000000000;0.000000;100.000000;5.012444;-5.883655;3.104236;-0.026205;0.029188;-0.002131;214.147263;214.199387;214.389893;0.000000;50331653;97;0.903093;1.024718;-9.681193;0.000000;0.000000;0.000000
99;0xD0;208;771;0.0000000000;0.0000000000;0.000000;100.000000;5.011692;-5.887083;3.102959;-0.025566;0.028336;-0.002131;214.145264;214.199387;214.400452;0.000000;50331653;97;0.904050;1.029507;-9.683587;0.000000;0.000000;0.000000
99;0xD1;209;771;0.0000000000;0.0000000000;0.000000;100.000000;5.011221;-5.886865;3.103014;-0.027058;0.029401;-0.001065;214.143326;214.199387;214.400452;0.000000;50331653;97;0.909318;1.025676;-9.687897;0.000000;0.000000;0.000000
99;0xD2;210;771;0.0000000000;0.0000000000;0.000000;100.000000;5.014602;-5.886796;3.101627;-0.025353;0.028336;-0.002131;214.141144;214.199387;214.384613;0.000000;50331653;97;0.906923;1.029507;-9.685503;0.000000;0.000000;0.000000
99;0xD3;211;771;0.0000000000;0.0000000000;0.000000;100.000000;5.014049;-5.886988;3.100985;-0.026205;0.028336;-0.002131;214.139145;214.199387;214.389893;0.000000;50331653;97;0.901177;1.027591;-9.678799;0.000000;0.000000;0.000000
99;0xD4;212;771;0.0000000000;0.0000000000;0.000000;100.000000;5.011603;-5.886298;3.099571;-0.025992;0.028336;-0.002131;214.136673;214.199387;214.387253;0.000000;50331653;97;0.908360;1.023282;-9.679756;0.000000;0.000000;0.000000
99;0xD5;213;771;0.0000000000;0.0000000000;0.000000;100.000000;5.011405;-5.885171;3.099701;-0.025353;0.028336;-0.001704;214.133759;214.199387;214.352890;0.000000;50331653;97;0.904050;1.029985;-9.680715;0.000000;0.000000;0.000000
99;0xD6;214;771;0.0000000000;0.0000000000;0.000000;100.000000;5.012887;-5.888702;3.098731;-0.024927;0.028336;-0.002131;214.130447;214.199387;214.381958;0.000000;50331653;97;0.905008;1.029985;-9.686460;0.000000;0.000000;0.000000
99;0xD7;215;771;0.0000000000;0.0000000000;0.000000;100.000000;5.011822;-5.889064;3.098301;-0.025992;0.028336;-0.002770;214.127579;214.199387;214.366104;0.000000;50331653;97;0.905966;1.022803;-9.678320;0.000000;0.000000;0.000000
99;0xD8;216;771;0.0000000000;0.0000000000;0.000000;100.000000;5.009991;-5.886380;3.098151;-0.026205;0.029188;-0.002131;214.123611;214.199387;214.352890;0.000000;50331653;97;0.905008;1.027112;-9.678799;0.000000;0.000000;0.000000
99;0xD9;217;771;0.0000000000;0.0000000000;0.000000;100.000000;5.008502;-5.885116;3.097406;-0.025566;0.029188;-0.002131;214.119247;214.199387;214.352890;0.000000;50331653;97;0.911233;1.037647;-9.679756;0.000000;0.000000;0.000000
99;0xDA;218;771;0.0000000000;0.0000000000;0.000000;100.000000;5.009779;-5.889897;3.096846;-0.025992;0.028336;-0.002131;214.115005;214.199387;214.352890;0.000000;50331653;97;0.902614;1.025915;-9.678559;0.000000;0.000000;0.000000
99;0xDB;219;771;0.0000000000;0.0000000000;0.000000;100.000000;5.008919;-5.889542;3.096552;-0.025992;0.027484;-0.001065;214.111404;214.199387;214.342331;0.000000;50331653;97;0.905487;1.032858;-9.674968;0.000000;0.000000;0.000000
99;0xDC;220;771;0.0000000000;0.0000000000;0.000000;100.000000;5.009165;-5.890738;3.095685;-0.025992;0.028549;-0.002131;214.106583;214.199387;214.329117;0.000000;50331653;97;0.901656;1.031422;-9.678320;0.000000;0.000000;0.000000
99;0xDD;221;771;0.0000000000;0.0000000000;0.000000;100.000000;5.007724;-5.891195;3.094852;-0.025353;0.027910;-0.002131;214.102402;214.199387;214.360825;0.000000;50331653;97;0.902135;1.024718;-9.674489;0.000000;0.000000;0.000000
99;0xDE;222;771;0.0000000000;0.0000000000;0.000000;100.000000;5.008031;-5.887896;3.095118;-0.025992;0.028123;-0.002131;214.100128;214.199387;214.379318;0.000000;50331653;97;0.901656;1.027112;-9.673532;0.000000;0.000000;0.000000
99;0xDF;223;771;0.0000000000;0.0000000000;0.000000;100.000000;5.006269;-5.886639;3.094087;-0.025992;0.027271;-0.002131;214.098099;214.199387;214.384613;0.000000;50331653;97;0.905008;1.026634;-9.685024;0.000000;0.000000;0.000000
99;0xE0;224;771;0.0000000000;0.0000000000;0.000000;100.000000;5.011289;-5.887506;3.093670;-0.026205;0.028336;-0.002131;214.096237;214.199387;214.381958;0.000000;50331653;97;0.908839;1.026155;-9.683587;0.000000;0.000000;0.000000
99;0xE1;225;771;0.0000000000;0.0000000000;0.000000;100.000000;5.011173;-5.888094;3.092823;-0.027058;0.029401;-0.001704;214.094986;214.199387;214.400452;0.000000;50331653;97;0.908839;1.024239;-9.683587;0.000000;0.000000;0.000000
99;0xE2;226;771;0.0000000000;0.0000000000;0.000000;100.000000;5.015687;-5.881544;3.092584;-0.025992;0.028336;-0.002131;214.094757;214.199387;214.392532;0.000000;50331653;97;0.907881;1.029985;-9.685024;0.000000;0.000000;0.000000
99;0xE3;227;771;0.0000000000;0.0000000000;0.000000;100.000000;5.014315;-5.880991;3.093096;-0.026419;0.028336;-0.000639;214.093292;214.199387;214.389893;0.000000;50331653;97;0.900220;1.024239;-9.677362;0.000000;0.000000;0.000000
99;0xE4;228;771;0.0000000000;0.0000000000;0.000000;100.000000;5.011624;-5.884030;3.092932;-0.026632;0.028336;-0.002131;214.093201;214.199387;214.413681;0.000000;50331653;97;0.906923;1.026634;-9.684545;0.000000;0.000000;0.000000
99;0xE5;229;771;0.0000000000;0.0000000000;0.000000;100.000000;5.011214;-5.884296;3.092605;-0.025779;0.028336;-0.001278;214.093704;214.199387;214.418961;0.000000;50331653;97;0.905008;1.027591;-9.681193;0.000000;0.000000;0.000000
99;0xE6;230;771;0.0000000000;0.0000000000;0.000000;100.000000;5.012191;-5.883129;3.092086;-0.025992;0.028336;-0.002131;214.093781;214.199387;214.411041;0.000000;50331653;97;0.905008;1.035253;-9.676884;0.000000;0.000000;0.000000
99;0xE7;231;771;0.0000000000;0.0000000000;0.000000;100.000000;5.012061;-5.883231;3.091976;-0.026419;0.029188;-0.001917;214.093750;214.199387;214.411041;0.000000;50331653;97;0.906923;1.025197;-9.676405;0.000000;0.000000;0.000000
99;0xE8;232;771;0.0000000000;0.0000000000;0.000000;100.000000;5.011617;-5.884167;3.090528;-0.024927;0.028336;-0.002131;214.094925;214.199387;214.440079;0.000000;50331653;97;0.899741;1.031901;-9.683587;0.000000;0.000000;0.000000
99;0xE9;233;771;0.0000000000;0.0000000000;0.000000;100.000000;5.010654;-5.884126;3.090494;-0.025992;0.028336;-0.001917;214.096619;214.199387;214.445389;0.000000;50331653;97;0.898783;1.031422;-9.684545;0.000000;0.000000;0.000000
99;0xEA;234;771;0.0000000000;0.0000000000;0.000000;100.000000;5.007915;-5.880840;3.090125;-0.024927;0.028336;-0.002131;214.097763;214.199387;214.429520;0.000000;50331653;97;0.904529;1.029507;-9.675447;0.000000;0.000000;0.000000
99;0xEB;235;771;0.0000000000;0.0000000000;0.000000;100.000000;5.006822;-5.880130;3.089777;-0.024927;0.027271;-0.001491;214.099014;214.199387;214.442749;0.000000;50331653;97;0.911233;1.027112;-9.683587;0.000000;0.000000;0.000000
99;0xEC;236;771;0.0000000000;0.0000000000;0.000000;100.000000;5.008236;-5.878785;3.089449;-0.024927;0.027271;-0.001065;214.100540;214.199387;214.455948;0.000000;50331653;97;0.909797;1.035253;-9.686939;0.000000;0.000000;0.000000
99;0xED;237;771;0.0000000000;0.0000000000;0.000000;100.000000;5.007287;-5.879051;3.088705;-0.025992;0.027910;-0.002983;214.102921;214.199387;214.461227;0.000000;50331653;97;0.900220;1.030464;-9.681672;0.000000;0.000000;0.000000
99;0xEE;238;771;0.0000000000;0.0000000000;0.000000;100.000000;5.007061;-5.878341;3.087584;-0.025992;0.028975;-0.002131;214.105591;214.199387;214.453308;0.000000;50331653;97;0.909797;1.028549;-9.672095;0.000000;0.000000;0.000000
99;0xEF;239;771;0.0000000000;0.0000000000;0.000000;100.000000;5.005415;-5.877794;3.087318;-0.026205;0.028336;-0.002983;214.107590;214.199387;214.445389;0.000000;50331653;97;0.901656;1.034774;-9.682630;0.000000;0.000000;0.000000
99;0xF0;240;771;0.0000000000;0.0000000000;0.000000;100.000000;4.998995;-5.883162;3.086143;-0.027058;0.029401;-0.001065;214.109467;214.199387;214.453308;0.000000;50331653;97;0.889685;1.029507;-9.688375;0.000000;0.000000;0.000000
99;0xF1;241;771;0.0000000000;0.0000000000;0.000000;100.000000;4.999596;-5.882343;3.085726;-0.026632;0.028549;-0.001065;214.111893;214.199387;214.466507;0.000000;50331653;97;0.908839;1.029985;-9.689334;0.000000;0.000000;0.000000
99;0xF2;242;771;0.0000000000;0.0000000000;0.000000;100.000000;5.007922;-5.882773;3.085884;-0.027058;0.028336;-0.001491;214.114227;214.199387;214.445389;0.000000;50331653;97;0.905966;1.034295;-9.680715;0.000000;0.000000;0.000000
99;0xF3;243;771;0.0000000000;0.0000000000;0.000000;100.000000;5.006972;-5.883190;3.085139;-0.024927;0.028336;-0.002344;214.116013;214.199387;214.455948;0.000000;50331653;97;0.904050;1.030464;-9.674968;0.000000;0.000000;0.000000
99;0xF4;244;771;0.0000000000;0.0000000000;0.000000;100.000000;5.006508;-5.884399;3.084832;-0.026632;0.028336;-0.001065;214.118683;214.199387;214.477097;0.000000;50331653;97;0.906923;1.028070;-9.684066;0.000000;0.000000;0.000000
99;0xF5;245;771;0.0000000000;0.0000000000;0.000000;100.000000;5.006125;-5.883436;3.084531;-0.025353;0.028336;-0.002131;214.121002;214.199387;214.450668;0.000000;50331653;97;0.900699;1.027112;-9.681193;0.000000;0.000000;0.000000
99;0xF6;246;771;0.0000000000;0.0000000000;0.000000;100.000000;5.013290;-5.885772;3.085153;-0.026845;0.027910;-0.002131;214.122467;214.199387;214.440079;0.000000;50331653;97;0.907402;1.030464;-9.675926;0.000000;0.000000;0.000000
99;0xF7;247;771;0.0000000000;0.0000000000;0.000000;100.000000;5.012259;-5.886072;3.085788;-0.025140;0.028336;-0.001065;214.123672;214.199387;214.437439;0.000000;50331653;97;0.910754;1.026155;-9.680236;0.000000;0.000000;0.000000
99;0xF8;248;771;0.0000000000;0.0000000000;0.000000;100.000000;5.014267;-5.882145;3.086075;-0.025992;0.028975;-0.001491;214.124695;214.199387;214.432159;0.000000;50331653;97;0.904529;1.035731;-9.684066;0.000000;0.000000;0.000000
99;0xF9;249;771;0.0000000000;0.0000000000;0.000000;100.000000;5.014649;-5.883121;3.085870;-0.026205;0.028549;-0.001278;214.126068;214.199387;214.448029;0.000000;50331653;97;0.908839;1.023760;-9.681672;0.000000;0.000000;0.000000
99;0xFA;250;771;0.0000000000;0.0000000000;0.000000;100.000000;5.015537;-5.883524;3.085815;-0.026205;0.028123;-0.001704;214.127426;214.199387;214.450668;0.000000;50331653;97;0.902614;1.027591;-9.665391;0.000000;0.000000;0.000000
99;0xFB;251;771;0.0000000000;0.0000000000;0.000000;100.000000;5.014841;-5.883791;3.085904;-0.025779;0.029401;-0.001065;214.128784;214.199387;214.445389;0.000000;50331653;97;0.910754;1.019930;-9.672095;0.000000;0.000000;0.000000
99;0xFC;252;771;0.0000000000;0.0000000000;0.000000;100.000000;5.016835;-5.882090;3.085576;-0.025566;0.028762;-0.002131;214.130539;214.199387;214.466507;0.000000;50331653;97;0.914585;1.029507;-9.682151;0.000000;0.000000;0.000000
99;0xFD;253;771;0.0000000000;0.0000000000;0.000000;100.000000;5.017470;-5.882131;3.085419;-0.026845;0.029401;-0.001065;214.131927;214.199387;214.448029;0.000000;50331653;97;0.898783;1.029507;-9.689813;0.000000;0.000000;0.000000
99;0xFE;254;771;0.0000000000;0.0000000000;0.000000;100.000000;5.020195;-5.881278;3.085091;-0.025992;0.029188;-0.002131;214.132889;214.199387;214.445389;0.000000;50331653;97;0.905487;1.024718;-9.685503;0.000000;0.000000;0.000000
99;0xFF;255;771;0.0000000000;0.0000000000;0.000000;100.000000;5.019622;-5.880793;3.084436;-0.026845;0.029188;-0.001704;214.134018;214.199387;214.455948;0.000000;50331653;97;0.903572;1.036210;-9.680715;0.000000;0.000000;0.000000
99;0x00;0;772;0.0000000000;0.0000000000;0.000000;100.000000;5.022299;-5.883429;3.083664;-0.025992;0.028336;-0.001065;214.136200;214.199387;214.477097;0.000000;50331653;97;0.906923;1.036689;-9.685503;0.000000;0.000000;0.000000
99;0x01;1;772;0.0000000000;0.0000000000;0.000000;100.000000;5.021063;-5.883552;3.082769;-0.025992;0.027271;-0.002557;214.138367;214.199387;214.471802;0.000000;50331653;97;0.907881;1.025676;-9.679277;0.000000;0.000000;0.000000
99;0x02;2;772;0.0000000000;0.0000000000;0.000000;100.000000;5.019868;-5.885355;3.081758;-0.025992;0.028336;-0.001704;214.139938;214.199387;214.461227;0.000000;50331653;97;0.901656;1.025676;-9.678320;0.000000;0.000000;0.000000
99;0x03;3;772;0.0000000000;0.0000000000;0.000000;100.000000;5.019301;-5.884898;3.081949;-0.025566;0.028336;-0.002131;214.141708;214.199387;214.463867;0.000000;50331653;97;0.903093;1.028070;-9.675447;0.000000;0.000000;0.000000
99;0x04;4;772;0.0000000000;0.0000000000;0.000000;100.000000;5.022224;-5.888490;3.081519;-0.024927;0.027910;-0.001704;214.143265;214.199387;214.469147;0.000000;50331653;97;0.909797;1.027591;-9.686939;0.000000;0.000000;0.000000
99;0x05;5;772;0.0000000000;0.0000000000;0.000000;100.000000;5.021596;-5.887336;3.081792;-0.025992;0.028336;-0.001065;214.145370;214.199387;214.471802;0.000000;50331653;97;0.891601;1.026155;-9.678320;0.000000;0.000000;0.000000
99;0x06;6;772;0.0000000000;0.0000000000;0.000000;100.000000;5.015360;-5.886960;3.080563;-0.026632;0.028762;-0.002131;214.147278;214.199387;214.463867;0.000000;50331653;97;0.900699;1.028549;-9.683587;0.000000;0.000000;0.000000
99;0x07;7;772;0.0000000000;0.0000000000;0.000000;100.000000;5.013946;-5.887609;3.080857;-0.026845;0.028336;-0.001491;214.148758;214.199387;214.466507;0.000000;50331653;97;0.900220;1.026634;-9.679277;0.000000;0.000000;0.000000
99;0x08;8;772;0.0000000000;0.0000000000;0.000000;100.000000;5.013406;-5.889637;3.079983;-0.025992;0.027271;-0.002131;214.150116;214.199387;214.450668;0.000000;50331653;97;0.908839;1.031901;-9.682151;0.000000;0.000000;0.000000
99;0x09;9;772;0.0000000000;0.0000000000;0.000000;100.000000;5.013215;-5.888975;3.079641;-0.024927;0.028336;-0.002557;214.151993;214.199387;214.477097;0.000000;50331653;97;0.900220;1.020887;-9.675447;0.000000;0.000000;0.000000
99;0x0A;10;772;0.0000000000;0.0000000000;0.000000;100.000000;5.013994;-5.890512;3.078999;-0.025992;0.028336;-0.001278;214.153748;214.199387;214.450668;0.000000;50331653;97;0.902135;1.030464;-9.682151;0.000000;0.000000;0.000000
99;0x0B;11;772;0.0000000000;0.0000000000;0.000000;100.000000;5.012033;-5.890348;3.078773;-0.025992;0.028336;-0.002131;214.153976;214.199387;214.432159;0.000000;50331653;97;0.906923;1.026634;-9.681672;0.000000;0.000000;0.000000
99;0x0C;12;772;0.0000000000;0.0000000000;0.000000;100.000000;5.015244;-5.884037;3.078302;-0.027058;0.029401;-0.002131;214.154434;214.199387;214.448029;0.000000;50331653;97;0.896868;1.026634;-9.673532;0.000000;0.000000;0.000000
99;0x0D;13;772;0.0000000000;0.0000000000;0.000000;100.000000;5.014342;-5.882760;3.077892;-0.025992;0.028336;-0.001704;214.155167;214.199387;214.448029;0.000000;50331653;97;0.906445;1.031422;-9.687418;0.000000;0.000000;0.000000
99;0x0E;14;772;0.0000000000;0.0000000000;0.000000;100.000000;5.014404;-5.882466;3.077619;-0.025992;0.029188;-0.001917;214.156357;214.199387;214.466507;0.000000;50331653;97;0.899741;1.033816;-9.676884;0.000000;0.000000;0.000000
99;0x0F;15;772;0.0000000000;0.0000000000;0.000000;100.000000;5.013687;-5.882391;3.077544;-0.025992;0.028762;-0.001917;214.157654;214.199387;214.455948;0.000000;50331653;97;0.902614;1.027112;-9.684066;0.000000;0.000000;0.000000
99;0x10;16;772;0.0000000000;0.0000000000;0.000000;100.000000;5.013283;-5.882739;3.076260;-0.025779;0.028336;-0.002131;214.158310;214.199387;214.453308;0.000000;50331653;97;0.898304;1.031901;-9.678320;0.000000;0.000000;0.000000
99;0x11;17;772;0.0000000000;0.0000000000;0.000000;100.000000;5.012197;-5.883088;3.076458;-0.025992;0.027697;-0.001065;214.158676;214.199387;214.455948;0.000000;50331653;97;0.899262;1.030464;-9.685982;0.000000;0.000000;0.000000
99;0x12;18;772;0.0000000000;0.0000000000;0.000000;100.000000;5.010169;-5.884624;3.076219;-0.025992;0.028336;-0.001704;214.159393;214.199387;214.461227;0.000000;50331653;97;0.899262;1.024239;-9.683587;0.000000;0.000000;0.000000
99;0x13;19;772;0.0000000000;0.0000000000;0.000000;100.000000;5.008659;-5.884522;3.076069;-0.026632;0.028336;-0.001065;214.159119;214.199387;214.440079;0.000000;50331653;97;0.896868;1.023760;-9.681193;0.000000;0.000000;0.000000
99;0x14;20;772;0.0000000000;0.0000000000;0.000000;100.000000;5.009602;-5.877835;3.075529;-0.025566;0.027910;-0.002557;214.160278;214.199387;214.458588;0.000000;50331653;97;0.905966;1.031422;-9.675926;0.000000;0.000000;0.000000
99;0x15;21;772;0.0000000000;0.0000000000;0.000000;100.000000;5.008844;-5.878149;3.074969;-0.027058;0.028975;-0.001917;214.161530;214.199387;214.479736;0.000000;50331653;97;0.903572;1.023282;-9.680715;0.000000;0.000000;0.000000
99;0x16;22;772;0.0000000000;0.0000000000;0.000000;100.000000;5.008427;-5.879229;3.073473;-0.024927;0.028123;-0.002770;214.163544;214.199387;214.461227;0.000000;50331653;97;0.898783;1.027112;-9.684545;0.000000;0.000000;0.000000
99;0x17;23;772;0.0000000000;0.0000000000;0.000000;100.000000;5.005238;-5.877780;3.072176;-0.025992;0.027271;-0.002131;214.164200;214.199387;214.461227;0.000000;50331653;97;0.903572;1.028070;-9.682151;0.000000;0.000000;0.000000
99;0x18;24;772;0.0000000000;0.0000000000;0.000000;100.000000;5.007232;-5.881837;3.071165;-0.026205;0.028336;-0.002131;214.165207;214.199387;214.458588;0.000000;50331653;97;0.909797;1.025676;-9.674489;0.000000;0.000000;0.000000
99;0x19;25;772;0.0000000000;0.0000000000;0.000000;100.000000;5.005709;-5.881742;3.070871;-0.025992;0.027697;-0.001917;214.166489;214.199387;214.482376;0.000000;50331653;97;0.897347;1.029507;-9.686939;0.000000;0.000000;0.000000
99;0x1A;26;772;0.0000000000;0.0000000000;0.000000;100.000000;5.008967;-5.884009;3.070666;-0.025992;0.029188;-0.002131;214.167877;214.199387;214.474442;0.000000;50331653;97;0.906923;1.023282;-9.681672;0.000000;0.000000;0.000000
99;0x1B;27;772;0.0000000000;0.0000000000;0.000000;100.000000;5.008120;-5.882896;3.069792;-0.026205;0.028336;-0.002131;214.169754;214.199387;214.495575;0.000000;50331653;97;0.904050;1.028070;-9.691249;0.000000;0.000000;0.000000
99;0x1C;28;772;0.0000000000;0.0000000000;0.000000;100.000000;5.006767;-5.880594;3.068842;-0.025992;0.028336;-0.002131;214.171921;214.199387;214.477097;0.000000;50331653;97;0.894474;1.023282;-9.679756;0.000000;0.000000;0.000000
99;0x1D;29;772;0.0000000000;0.0000000000;0.000000;100.000000;5.006009;-5.880519;3.067702;-0.025992;0.028336;-0.002131;214.173798;214.199387;214.485016;0.000000;50331653;97;0.900220;1.029028;-9.685503;0.000000;0.000000;0.000000
99;0x1E;30;772;0.0000000000;0.0000000000;0.000000;100.000000;5.004786;-5.883074;3.066315;-0.025566;0.029401;-0.002131;214.174408;214.199387;214.471802;0.000000;50331653;97;0.903572;1.030943;-9.684545;0.000000;0.000000;0.000000
99;0x1F;31;772;0.0000000000;0.0000000000;0.000000;100.000000;5.004923;-5.882459;3.065762;-0.025992;0.029135;-0.002131;214.175125;214.199387;214.482376;0.000000;50331653;97;0.897826;1.021725;-9.683348;0.000000;0.000000;0.000000
99;0x20;32;772;0.0000000000;0.0000000000;0.000000;100.000000;4.999261;-5.880908;3.065660;-0.025992;0.028549;-0.003196;214.175980;214.199387;214.458588;0.000000;50331653;97;0.908360;1.027112;-9.676884;0.000000;0.000000;0.000000
99;0x21;33;772;0.0000000000;0.0000000000;0.000000;100.000000;4.997615;-5.880554;3.063904;-0.024927;0.027484;-0.002131;214.176483;214.199387;214.455948;0.000000;50331653;97;0.905487;1.028070;-9.675926;0.000000;0.000000;0.000000
99;0x22;34;772;0.0000000000;0.0000000000;0.000000;100.000000;4.999452;-5.882466;3.063282;-0.025992;0.028549;-0.002131;214.176239;214.199387;214.453308;0.000000;50331653;97;0.896868;1.025676;-9.676405;0.000000;0.000000;0.000000
99;0x23;35;772;0.0000000000;0.0000000000;0.000000;100.000000;4.999008;-5.882179;3.062572;-0.025992;0.028336;-0.002131;214.176483;214.199387;214.458588;0.000000;50331653;97;0.898304;1.030464;-9.684545;0.000000;0.000000;0.000000
99;0x24;36;772;0.0000000000;0.0000000000;0.000000;100.000000;4.999999;-5.878976;3.061220;-0.025992;0.028762;-0.002344;214.176956;214.199387;214.463867;0.000000;50331653;97;0.909797;1.027591;-9.677841;0.000000;0.000000;0.000000
99;0x25;37;772;0.0000000000;0.0000000000;0.000000;100.000000;4.999555;-5.878935;3.061404;-0.025992;0.028762;-0.001917;214.178543;214.199387;214.500870;0.000000;50331653;97;0.907881;1.030943;-9.685503;0.000000;0.000000;0.000000
99;0x26;38;772;0.0000000000;0.0000000000;0.000000;100.000000;5.002553;-5.875253;3.060708;-0.025992;0.028549;-0.001065;214.180634;214.199387;214.487656;0.000000;50331653;97;0.905008;1.029028;-9.678799;0.000000;0.000000;0.000000
99;0x27;39;772;0.0000000000;0.0000000000;0.000000;100.000000;5.001754;-5.874959;3.060093;-0.025992;0.028975;-0.002983;214.182068;214.199387;214.477097;0.000000;50331653;97;0.906445;1.030464;-9.684545;0.000000;0.000000;0.000000
99;0x28;40;772;0.0000000000;0.0000000000;0.000000;100.000000;5.004145;-5.877876;3.059820;-0.026205;0.028975;-0.001704;214.182465;214.199387;214.466507;0.000000;50331653;97;0.902135;1.028549;-9.677362;0.000000;0.000000;0.000000
99;0x29;41;772;0.0000000000;0.0000000000;0.000000;100.000000;5.002628;-5.878060;3.059861;-0.025992;0.028336;-0.002770;214.182816;214.199387;214.485016;0.000000;50331653;97;0.911712;1.026155;-9.678320;0.000000;0.000000;0.000000
99;0x2A;42;772;0.0000000000;0.0000000000;0.000000;100.000000;5.008789;-5.879952;3.059369;-0.025566;0.029188;-0.001491;214.184372;214.199387;214.492935;0.000000;50331653;97;0.896389;1.029028;-9.678799;0.000000;0.000000;0.000000
99;0x2B;43;772;0.0000000000;0.0000000000;0.000000;100.000000;5.007771;-5.878976;3.058706;-0.025566;0.028336;-0.002131;214.186401;214.199387;214.522003;0.000000;50331653;97;0.907402;1.034295;-9.686460;0.000000;0.000000;0.000000
99;0x2C;44;772;0.0000000000;0.0000000000;0.000000;100.000000;5.013126;-5.880144;3.058146;-0.025992;0.029401;-0.001278;214.190384;214.199387;214.543137;0.000000;50331653;97;0.901177;1.028549;-9.681672;0.000000;0.000000;0.000000
99;0x2D;45;772;0.0000000000;0.0000000000;0.000000;100.000000;5.012006;-5.879632;3.057695;-0.025992;0.027271;-0.001278;214.194366;214.199387;214.535217;0.000000;50331653;97;0.909318;1.028549;-9.676405;0.000000;0.000000;0.000000
99;0x2E;46;772;0.0000000000;0.0000000000;0.000000;100.000000;5.014192;-5.880014;3.056548;-0.027058;0.027910;-0.002131;214.198425;214.199387;214.540497;0.000000;50331653;97;0.905487;1.023760;-9.684066;0.000000;0.000000;0.000000
99;0x2F;47;772;0.0000000000;0.0000000000;0.000000;100.000000;5.013318;-5.879673;3.055865;-0.026845;0.028336;-0.001065;214.202606;214.199387;214.537857;0.000000;50331653;97;0.908839;1.024718;-9.675926;0.000000;0.000000;0.000000
99;0x30;48;772;0.0000000000;0.0000000000;0.000000;100.000000;5.013208;-5.878552;3.056111;-0.025992;0.028336;-0.002131;214.206055;214.199387;214.537857;0.000000;50331653;97;0.913627;1.031422;-9.680236;0.000000;0.000000;0.000000
99;0x31;49;772;0.0000000000;0.0000000000;0.000000;100.000000;5.011808;-5.879003;3.056439;-0.026419;0.028336;-0.001278;214.209854;214.199387;214.553711;0.000000;50331653;97;0.899262;1.026634;-9.674968;0.000000;0.000000;0.000000
99;0x32;50;772;0.0000000000;0.0000000000;0.000000;100.000000;5.008878;-5.878074;3.054882;-0.024927;0.027910;-0.002557;214.214081;214.199387;214.559006;0.000000;50331653;97;0.902614;1.030464;-9.673053;0.000000;0.000000;0.000000
99;0x33;51;772;0.0000000000;0.0000000000;0.000000;100.000000;5.007771;-5.877862;3.054281;-0.025992;0.027697;-0.001065;214.218094;214.199387;214.545776;0.000000;50331653;97;0.897347;1.027112;-9.685982;0.000000;0.000000;0.000000
99;0x34;52;772;0.0000000000;0.0000000000;0.000000;100.000000;5.007887;-5.878265;3.053823;-0.025779;0.028336;-0.001065;214.221481;214.199387;214.564285;0.000000;50331653;97;0.906923;1.033816;-9.677841;0.000000;0.000000;0.000000
99;0x35;53;772;0.0000000000;0.0000000000;0.000000;100.000000;5.006549;-5.877473;3.053877;-0.026205;0.027271;-0.001704;214.225723;214.199387;214.564285;0.000000;50331653;97;0.905966;1.022803;-9.681672;0.000000;0.000000;0.000000
99;0x36;54;772;0.0000000000;0.0000000000;0.000000;100.000000;5.012252;-5.880731;3.053474;-0.025992;0.029401;-0.002131;214.230301;214.199387;214.574844;0.000000;50331653;97;0.906923;1.024718;-9.676405;0.000000;0.000000;0.000000
99;0x37;55;772;0.0000000000;0.0000000000;0.000000;100.000000;5.011146;-5.880273;3.052621;-0.026419;0.028336;-0.002131;214.234680;214.199387;214.566925;0.000000;50331653;97;0.898783;1.019451;-9.679756;0.000000;0.000000;0.000000
99;0x38;56;772;0.0000000000;0.0000000000;0.000000;100.000000;5.001631;-5.876510;3.051876;-0.025992;0.028975;-0.002131;214.238358;214.199387;214.548431;0.000000;50331653;97;0.906923;1.029985;-9.678320;0.000000;0.000000;0.000000
99;0x39;57;772;0.0000000000;0.0000000000;0.000000;100.000000;5.000245;-5.877493;3.051432;-0.026205;0.027271;-0.002131;214.241074;214.199387;214.535217;0.000000;50331653;97;0.895431;1.024718;-9.678320;0.000000;0.000000;0.000000
99;0x3A;58;772;0.0000000000;0.0000000000;0.000000;100.000000;4.998687;-5.879987;3.050066;-0.025992;0.028975;-0.001065;214.243149;214.199387;214.535217;0.000000;50331653;97;0.901656;1.029028;-9.679756;0.000000;0.000000;0.000000
99;0x3B;59;772;0.0000000000;0.0000000000;0.000000;100.000000;4.998175;-5.879720;3.049274;-0.026632;0.028975;-0.002557;214.244690;214.199387;214.529938;0.000000;50331653;97;0.903572;1.024718;-9.683587;0.000000;0.000000;0.000000
99;0x3C;60;772;0.0000000000;0.0000000000;0.000000;100.000000;5.004336;-5.879850;3.049117;-0.026632;0.029188;-0.002131;214.245880;214.199387;214.529938;0.000000;50331653;97;0.905966;1.028549;-9.681193;0.000000;0.000000;0.000000
99;0x3D;61;772;0.0000000000;0.0000000000;0.000000;100.000000;5.002874;-5.880150;3.047826;-0.025992;0.028336;-0.001917;214.247360;214.199387;214.529938;0.000000;50331653;97;0.907402;1.022803;-9.683108;0.000000;0.000000;0.000000
99;0x3E;62;772;0.0000000000;0.0000000000;0.000000;100.000000;5.001180;-5.875335;3.046706;-0.024927;0.029401;-0.001278;214.248901;214.199387;214.527298;0.000000;50331653;97;0.898783;1.024718;-9.687418;0.000000;0.000000;0.000000
99;0x3F;63;772;0.0000000000;0.0000000000;0.000000;100.000000;4.999978;-5.873846;3.046071;-0.024927;0.028336;-0.002131;214.249496;214.199387;214.508789;0.000000;50331653;97;0.908360;1.027591;-9.679756;0.000000;0.000000;0.000000
99;0x40;64;772;0.0000000000;0.0000000000;0.000000;100.000000;5.005053;-5.876387;3.044855;-0.025992;0.027484;-0.002131;214.249695;214.199387;214.514084;0.000000;50331653;97;0.910754;1.028070;-9.677841;0.000000;0.000000;0.000000
99;0x41;65;772;0.0000000000;0.0000000000;0.000000;100.000000;5.003646;-5.876066;3.043967;-0.025779;0.027910;-0.001278;214.249863;214.199387;214.511429;0.000000;50331653;97;0.898304;1.031422;-9.683587;0.000000;0.000000;0.000000
99;0x42;66;772;0.0000000000;0.0000000000;0.000000;100.000000;5.001911;-5.877501;3.042143;-0.025140;0.028549;-0.002131;214.249527;214.199387;214.500870;0.000000;50331653;97;0.905487;1.031422;-9.685982;0.000000;0.000000;0.000000
99;0x43;67;772;0.0000000000;0.0000000000;0.000000;100.000000;5.001078;-5.878115;3.041569;-0.025992;0.028336;-0.002131;214.249344;214.199387;214.492935;0.000000;50331653;97;0.905008;1.032380;-9.680236;0.000000;0.000000;0.000000
99;0x44;68;772;0.0000000000;0.0000000000;0.000000;100.000000;5.006802;-5.877951;3.042737;-0.025992;0.027910;-0.002131;214.249207;214.199387;214.514084;0.000000;50331653;97;0.903572;1.027591;-9.685503;0.000000;0.000000;0.000000
99;0x45;69;772;0.0000000000;0.0000000000;0.000000;100.000000;5.006413;-5.877801;3.042136;-0.026205;0.029188;-0.001278;214.248978;214.199387;214.508789;0.000000;50331653;97;0.905008;1.029028;-9.681193;0.000000;0.000000;0.000000
99;0x46;70;772;0.0000000000;0.0000000000;0.000000;100.000000;5.011378;-5.880683;3.040914;-0.025992;0.027697;-0.002131;214.248566;214.199387;214.514084;0.000000;50331653;97;0.899262;1.025676;-9.685503;0.000000;0.000000;0.000000
99;0x47;71;772;0.0000000000;0.0000000000;0.000000;100.000000;5.010859;-5.881250;3.040504;-0.026845;0.029401;-0.001917;214.249054;214.199387;214.527298;0.000000;50331653;97;0.902135;1.024239;-9.685024;0.000000;0.000000;0.000000
99;0x48;72;772;0.0000000000;0.0000000000;0.000000;100.000000;5.014868;-5.883538;3.039923;-0.025992;0.027697;-0.002344;214.249252;214.199387;214.524643;0.000000;50331653;97;0.901656;1.029507;-9.688854;0.000000;0.000000;0.000000
99;0x49;73;772;0.0000000000;0.0000000000;0.000000;100.000000;5.013474;-5.883743;3.040176;-0.025992;0.027910;-0.001704;214.250015;214.199387;214.522003;0.000000;50331653;97;0.905487;1.026634;-9.675447;0.000000;0.000000;0.000000
99;0x4A;74;772;0.0000000000;0.0000000000;0.000000;100.000000;5.013727;-5.883039;3.039172;-0.024927;0.028336;-0.001065;214.249603;214.199387;214.503510;0.000000;50331653;97;0.898783;1.027112;-9.682630;0.000000;0.000000;0.000000
99;0x4B;75;772;0.0000000000;0.0000000000;0.000000;100.000000;5.012997;-5.883491;3.039145;-0.025140;0.028549;-0.001704;214.248825;214.199387;214.492935;0.000000;50331653;97;0.904050;1.029507;-9.692206;0.000000;0.000000;0.000000
99;0x4C;76;772;0.0000000000;0.0000000000;0.000000;100.000000;5.012833;-5.881230;3.038721;-0.025992;0.028336;-0.001491;214.248077;214.199387;214.498215;0.000000;50331653;97;0.896389;1.028549;-9.689334;0.000000;0.000000;0.000000
99;0x4D;77;772;0.0000000000;0.0000000000;0.000000;100.000000;5.011405;-5.881524;3.038380;-0.027058;0.028336;-0.002131;214.247101;214.199387;214.482376;0.000000;50331653;97;0.899741;1.022803;-9.684066;0.000000;0.000000;0.000000
99;0x4E;78;772;0.0000000000;0.0000000000;0.000000;100.000000;5.007621;-5.880554;3.036843;-0.025992;0.028336;-0.002770;214.245193;214.199387;214.474442;0.000000;50331653;97;0.912670;1.025197;-9.685982;0.000000;0.000000;0.000000
99;0x4F;79;772;0.0000000000;0.0000000000;0.000000;100.000000;5.007792;-5.879706;3.036433;-0.025992;0.028975;-0.001704;214.242477;214.199387;214.455948;0.000000;50331653;97;0.899262;1.022803;-9.672574;0.000000;0.000000;0.000000
99;0x50;80;772;0.0000000000;0.0000000000;0.000000;100.000000;5.006863;-5.877712;3.035614;-0.025992;0.028336;-0.002131;214.239014;214.199387;214.448029;0.000000;50331653;97;0.902614;1.029985;-9.680715;0.000000;0.000000;0.000000
99;0x51;81;772;0.0000000000;0.0000000000;0.000000;100.000000;5.006604;-5.878183;3.034575;-0.025566;0.028123;-0.002770;214.235413;214.199387;214.455948;0.000000;50331653;97;0.899262;1.027591;-9.678799;0.000000;0.000000;0.000000
99;0x52;82;772;0.0000000000;0.0000000000;0.000000;100.000000;5.011310;-5.878327;3.034009;-0.024927;0.028549;-0.002131;214.232300;214.199387;214.455948;0.000000;50331653;97;0.905487;1.030464;-9.682151;0.000000;0.000000;0.000000
99;0x53;83;772;0.0000000000;0.0000000000;0.000000;100.000000;5.012122;-5.878450;3.033728;-0.025992;0.028336;-0.002131;214.229095;214.199387;214.453308;0.000000;50331653;97;0.906923;1.029507;-9.685024;0.000000;0.000000;0.000000
99;0x54;84;772;0.0000000000;0.0000000000;0.000000;100.000000;5.010272;-5.882985;3.032308;-0.025992;0.028336;-0.001278;214.226532;214.199387;214.466507;0.000000;50331653;97;0.900220;1.027591;-9.682151;0.000000;0.000000;0.000000
99;0x55;85;772;0.0000000000;0.0000000000;0.000000;100.000000;5.009042;-5.883757;3.031666;-0.026205;0.027910;-0.001917;214.224609;214.199387;214.479736;0.000000;50331653;97;0.900699;1.025676;-9.684545;0.000000;0.000000;0.000000
99;0x56;86;772;0.0000000000;0.0000000000;0.000000;100.000000;5.009302;-5.880383;3.030354;-0.025992;0.027697;-0.001491;214.222778;214.199387;214.479736;0.000000;50331653;97;0.903093;1.035731;-9.679277;0.000000;0.000000;0.000000
99;0x57;87;772;0.0000000000;0.0000000000;0.000000;100.000000;5.008393;-5.880062;3.030149;-0.025566;0.028336;-0.001065;214.222183;214.199387;214.485016;0.000000;50331653;97;0.910754;1.026634;-9.671617;0.000000;0.000000;0.000000
99;0x58;88;772;0.0000000000;0.0000000000;0.000000;100.000000;5.010217;-5.878689;3.030190;-0.025992;0.028549;-0.001704;214.221390;214.199387;214.490295;0.000000;50331653;97;0.903572;1.029028;-9.676405;0.000000;0.000000;0.000000
99;0x59;89;772;0.0000000000;0.0000000000;0.000000;100.000000;5.009677;-5.878286;3.029733;-0.025992;0.029188;-0.002131;214.219131;214.199387;214.437439;0.000000;50331653;97;0.909797;1.024718;-9.685024;0.000000;0.000000;0.000000
99;0x5A;90;772;0.0000000000;0.0000000000;0.000000;100.000000;5.010476;-5.882200;3.028633;-0.025992;0.029401;-0.002131;214.217270;214.199387;214.495575;0.000000;50331653;97;0.899741;1.028549;-9.679756;0.000000;0.000000;0.000000
99;0x5B;91;772;0.0000000000;0.0000000000;0.000000;100.000000;5.009882;-5.882220;3.028353;-0.026845;0.027910;-0.002131;214.215836;214.199387;214.479736;0.000000;50331653;97;0.905487;1.030464;-9.685503;0.000000;0.000000;0.000000
99;0x5C;92;772;0.0000000000;0.0000000000;0.000000;100.000000;5.014991;-5.881769;3.028531;-0.025992;0.029188;-0.002131;214.213837;214.199387;214.458588;0.000000;50331653;97;0.903572;1.024718;-9.681672;0.000000;0.000000;0.000000
99;0x5D;93;772;0.0000000000;0.0000000000;0.000000;100.000000;5.014936;-5.881079;3.028032;-0.025779;0.028549;-0.001704;214.212280;214.199387;214.474442;0.000000;50331653;97;0.901177;1.028549;-9.675926;0.000000;0.000000;0.000000
99;0x5E;94;772;0.0000000000;0.0000000000;0.000000;100.000000;5.011234;-5.885765;3.027369;-0.025992;0.028336;-0.001704;214.210663;214.199387;214.479736;0.000000;50331653;97;0.901177;1.035731;-9.689334;0.000000;0.000000;0.000000
99;0x5F;95;772;0.0000000000;0.0000000000;0.000000;100.000000;5.010305;-5.885778;3.027574;-0.026845;0.028336;-0.001491;214.209290;214.199387;214.479736;0.000000;50331653;97;0.898304;1.026155;-9.680715;0.000000;0.000000;0.000000
99;0x60;96;772;0.0000000000;0.0000000000;0.000000;100.000000;5.009151;-5.887247;3.026229;-0.026205;0.028549;-0.002344;214.207596;214.199387;214.455948;0.000000;50331653;97;0.902614;1.030464;-9.682630;0.000000;0.000000;0.000000
99;0x61;97;772;0.0000000000;0.0000000000;0.000000;100.000000;5.008311;-5.888251;3.026236;-0.025992;0.028336;-0.002131;214.205200;214.199387;214.445389;0.000000;50331653;97;0.909318;1.033816;-9.685982;0.000000;0.000000;0.000000
99;0x62;98;772;0.0000000000;0.0000000000;0.000000;100.000000;5.012682;-5.886646;3.026536;-0.025992;0.027271;-0.002131;214.202286;214.199387;214.450668;0.000000;50331653;97;0.901656;1.028070;-9.684066;0.000000;0.000000;0.000000
99;0x63;99;772;0.0000000000;0.0000000000;0.000000;100.000000;5.011685;-5.885963;3.025983;-0.025992;0.028336;-0.002131;214.199539;214.199387;214.448029;0.000000;50331653;97;0.904050;1.031422;-9.677841;0.000000;0.000000;0.000000
99;0x64;100;772;0.0000000000;0.0000000000;0.000000;100.000000;5.013092;-5.884221;3.024992;-0.025992;0.027910;-0.003196;214.197266;214.199387;214.469147;0.000000;50331653;97;0.905966;1.026155;-9.683108;0.000000;0.000000;0.000000
99;0x65;101;772;0.0000000000;0.0000000000;0.000000;100.000000;5.012341;-5.884734;3.025074;-0.026845;0.028975;-0.001065;214.195831;214.199387;214.463867;0.000000;50331653;97;0.908839;1.022324;-9.688375;0.000000;0.000000;0.000000
99;0x66;102;772;0.0000000000;0.0000000000;0.000000;100.000000;5.014212;-5.882657;3.024562;-0.025992;0.029188;-0.001917;214.193771;214.199387;214.463867;0.000000;50331653;97;0.899262;1.033816;-9.680715;0.000000;0.000000;0.000000
99;0x67;103;772;0.0000000000;0.0000000000;0.000000;100.000000;5.013564;-5.882514;3.023913;-0.025992;0.028762;-0.002131;214.191940;214.199387;214.455948;0.000000;50331653;97;0.908360;1.028549;-9.685024;0.000000;0.000000;0.000000
